,0,1,2,3,4,5,6,7,8,9,10,11,12,13,14,15,16,17,18,19,20,21,22,23,24,25,26,27,28,29,30,31,32,33,34,35,36,37,38,39,40,41,42,43,44,45,46,47,48,49,50,51,52,53,54,55,56,57,58,59,60,61,62,63,64,65,66,67,68,69,70,71,72,73,74,75,76,77,78,79,80,81,82,83,84,85,86,87
100,0,1,0,1,1,0,1,1,1,0,1,1,0,0,0,1,0,0,0,1,0,1,1,0,1,1,1,0,1,1,1,0,0,1,1,1,0,0,0,1,0,0,0,1,1,1,0,0,0,0,1,1,0,1,1,0,1,1,0,0,0,0,0,0,1,1,0,1,1,0,0,1,0,0,1,0,0,0,1,1,1,0,0,0,1,1,1,0
101,0,1,0,0,1,1,0,0,0,1,1,1,0,0,1,1,0,1,0,0,0,0,0,0,1,1,0,1,0,1,1,0,1,0,0,0,1,0,1,0,1,1,1,1,0,1,1,1,1,0,0,1,1,0,0,0,0,0,0,1,1,0,0,0,1,1,1,1,0,1,0,1,1,1,1,1,0,1,1,1,1,0,1,0,1,1,0,0
102,1,0,0,0,1,1,0,1,1,0,0,0,0,0,0,1,0,1,0,1,0,1,1,0,0,0,0,1,1,1,0,0,0,0,0,0,1,1,1,1,1,1,0,0,1,0,0,0,0,0,0,1,0,0,1,0,0,0,1,1,0,0,0,1,0,1,0,0,0,0,1,1,0,0,0,0,0,0,1,1,0,0,0,0,0,0,0,1
103,1,1,0,1,1,1,1,0,1,1,1,1,1,0,1,1,0,0,0,1,1,0,0,0,0,0,0,1,0,0,1,1,1,0,0,0,0,0,0,1,1,1,0,1,1,0,0,1,0,1,1,1,1,1,0,0,1,1,1,0,0,0,1,1,0,1,1,1,1,0,1,1,1,1,1,0,1,1,0,1,0,0,1,1,0,0,1,0
104,1,1,0,0,0,0,0,1,1,1,0,0,1,0,1,1,1,0,1,0,0,0,1,0,1,1,1,1,1,0,0,0,1,0,0,1,0,1,1,1,1,1,1,0,0,0,1,0,0,0,0,1,1,1,0,0,1,1,1,1,0,0,0,0,0,0,0,0,0,1,1,0,1,0,0,0,0,0,1,1,1,0,1,0,1,1,1,1
105,1,1,0,0,1,0,0,0,1,0,0,0,0,0,0,1,1,1,0,1,1,1,0,0,0,1,1,1,0,0,1,0,1,0,0,0,1,0,0,0,1,0,0,0,0,0,0,0,1,0,1,0,1,0,0,1,0,1,0,0,1,1,0,0,1,0,0,1,1,0,0,1,1,1,1,0,1,1,0,0,1,1,1,0,0,0,0,1
106,1,1,0,0,0,1,1,1,0,0,0,0,1,1,0,0,1,0,0,1,1,1,1,0,1,1,0,0,1,0,0,0,0,1,0,0,1,1,1,1,0,1,0,1,0,1,0,0,0,1,0,1,1,0,1,0,0,0,1,0,1,0,1,1,0,1,1,0,1,1,0,0,0,1,0,0,0,0,1,0,0,1,1,1,0,1,0,1
107,0,1,1,0,0,0,0,1,1,0,1,0,0,0,0,0,1,1,1,0,0,1,0,0,1,1,0,1,1,1,0,0,1,0,0,1,1,1,0,0,1,1,1,0,1,0,0,1,1,1,0,0,1,0,0,0,0,1,1,1,0,1,0,0,1,1,0,0,0,0,1,1,0,1,0,1,0,1,0,0,0,1,0,0,0,1,1,1
108,1,1,0,0,1,0,0,1,1,0,0,0,0,1,1,1,1,0,1,0,1,0,1,1,0,0,0,0,1,1,0,1,0,0,1,0,1,0,1,1,0,0,1,1,0,0,1,0,1,0,0,1,0,1,1,1,1,1,0,0,1,1,1,0,1,0,0,1,0,1,0,1,1,1,1,0,1,0,1,1,1,0,0,0,1,1,0,1
109,1,1,0,1,0,0,1,1,0,0,1,0,1,1,0,1,1,1,0,0,0,1,1,1,0,1,1,0,1,0,0,0,0,0,0,0,0,1,1,1,0,0,1,0,0,0,0,0,1,1,1,0,0,0,0,1,0,1,0,0,0,0,0,0,0,1,1,0,1,0,0,0,0,0,1,1,1,1,0,1,0,1,0,1,0,1,0,1
110,1,1,0,1,0,0,0,1,0,1,0,1,0,0,1,0,0,1,1,1,0,1,1,1,1,1,0,0,0,1,0,0,1,1,0,1,0,1,0,1,0,1,1,1,0,1,1,1,0,0,1,1,1,0,0,1,1,1,1,1,1,1,0,1,1,0,0,0,1,0,1,1,0,1,0,1,0,0,1,1,1,1,1,1,1,1,1,1
111,0,1,0,0,1,1,1,1,1,0,1,1,1,0,1,1,0,1,1,0,0,1,0,1,1,0,0,1,0,1,1,1,1,1,0,0,0,0,1,1,0,1,0,1,1,0,1,1,0,0,1,1,0,0,0,0,1,0,1,1,1,0,0,0,1,1,1,0,1,0,1,0,1,1,0,1,1,1,0,1,1,1,1,1,0,0,1,1
112,0,1,1,1,1,1,0,1,0,1,0,1,0,0,0,0,1,1,1,0,0,0,0,0,1,0,0,0,0,0,0,1,0,1,1,1,1,0,0,1,0,1,1,0,0,0,1,0,0,0,1,1,0,1,0,0,1,1,0,0,0,1,0,0,1,1,1,1,1,1,0,1,1,1,0,1,0,1,1,1,1,0,1,0,0,0,0,1
113,1,1,1,1,0,1,1,1,0,1,0,1,1,0,0,1,0,1,0,0,0,0,1,0,0,0,0,1,1,1,1,1,0,1,1,0,0,0,1,1,0,0,0,1,1,0,1,1,0,0,0,0,0,0,0,0,1,1,0,1,1,1,1,1,1,1,1,0,1,0,0,1,1,0,0,1,1,0,1,1,1,1,0,0,0,0,1,0
114,1,0,1,1,0,1,0,0,1,1,1,0,0,1,1,0,0,0,0,0,1,0,0,1,1,0,0,0,1,1,1,0,0,0,0,0,0,1,1,1,0,1,1,1,1,1,1,1,0,0,0,0,0,0,0,0,0,1,1,1,0,0,0,0,0,1,1,1,1,0,1,1,0,1,1,1,1,0,0,0,1,1,0,0,0,1,1,1
115,1,0,0,1,1,1,0,0,1,0,0,0,0,1,1,1,1,1,0,1,1,1,0,1,0,1,0,0,1,0,0,1,0,1,0,0,0,1,0,1,1,0,1,1,0,0,1,1,1,0,0,1,1,1,0,1,1,1,0,0,1,1,1,1,1,1,1,0,1,0,1,0,1,1,0,1,0,0,1,1,1,1,0,1,1,0,0,0
116,0,1,1,1,1,1,0,1,1,1,1,0,0,0,0,1,1,1,1,0,0,0,1,0,0,0,1,1,1,1,1,0,1,1,0,0,0,0,1,0,1,0,0,0,0,1,0,1,1,0,0,1,0,1,0,0,0,1,0,1,1,0,0,0,1,0,1,1,1,0,0,1,0,1,1,1,0,1,1,1,0,1,0,1,0,1,1,0
117,0,1,1,1,0,0,1,0,0,0,1,1,0,1,1,0,1,0,1,0,0,0,1,1,0,1,1,0,0,1,0,0,1,0,0,0,0,0,0,0,1,0,0,1,1,1,1,0,0,0,1,1,1,1,0,0,0,1,1,1,0,0,0,1,1,1,0,0,1,0,1,0,0,1,1,0,0,0,0,0,0,0,1,1,1,0,1,0
118,1,0,0,1,1,0,1,1,1,1,0,1,0,0,0,0,1,0,0,0,1,0,0,1,0,0,0,0,0,0,0,1,0,1,1,1,0,0,1,0,0,1,1,1,1,1,1,0,0,1,0,0,1,0,0,1,0,0,1,0,1,0,1,0,0,1,1,1,1,1,0,1,0,1,1,0,0,0,0,0,0,1,0,1,1,1,0,0
119,0,1,1,0,1,1,1,0,0,1,1,0,1,1,1,1,1,1,1,1,0,0,1,1,0,0,0,0,0,0,1,1,0,0,1,0,0,1,1,0,1,1,1,0,1,1,0,1,0,1,0,0,0,0,0,1,0,0,0,0,0,1,1,0,1,0,0,1,1,1,0,1,1,1,0,0,1,1,1,1,1,0,0,0,1,0,0,0
120,0,1,1,0,1,1,0,0,0,1,0,1,1,0,0,1,0,0,0,0,0,0,0,1,1,1,0,1,0,0,0,1,1,1,1,0,1,1,1,0,1,0,1,0,0,0,0,1,1,0,1,1,1,1,0,1,1,1,1,0,0,0,0,1,0,0,1,0,0,1,1,1,0,1,1,1,0,0,0,0,0,1,1,1,1,1,0,1
121,0,0,1,0,0,1,0,0,0,1,0,1,1,0,1,1,1,1,0,0,0,1,1,1,0,0,0,1,0,0,0,1,0,0,0,1,1,1,1,0,0,0,0,1,0,0,1,0,1,0,0,0,1,0,0,0,1,0,1,0,0,1,1,0,1,1,0,0,0,1,1,1,1,1,1,1,0,1,1,0,1,1,0,0,0,1,1,0
122,1,0,1,0,0,0,0,1,1,1,1,1,0,1,1,0,1,1,1,0,1,0,0,1,0,1,0,0,1,1,0,1,1,0,1,0,1,0,0,0,1,0,0,1,0,1,1,0,0,0,0,1,0,1,0,0,1,1,0,0,1,0,0,1,1,0,1,1,0,1,0,0,1,1,0,1,1,1,1,0,0,0,1,1,0,0,1,1
123,1,1,1,0,0,1,1,0,0,0,1,1,0,1,1,1,0,1,0,0,0,0,1,0,0,0,0,1,0,1,1,0,1,0,0,1,1,1,0,0,1,0,0,0,1,0,0,0,1,1,1,1,1,1,1,0,0,1,0,1,1,1,0,0,1,0,1,1,1,1,1,0,0,0,0,0,0,0,0,0,1,0,1,0,0,1,0,1
124,0,0,0,1,0,1,0,1,0,0,0,1,0,1,0,1,1,0,0,0,0,0,0,1,1,0,0,1,1,0,1,1,0,0,1,1,0,1,1,1,1,0,1,1,1,1,0,1,1,1,0,1,0,0,0,1,1,1,0,1,1,0,1,1,0,0,1,1,0,0,1,0,1,0,1,1,0,1,0,1,1,0,0,1,1,1,1,0
125,0,0,0,0,0,1,0,1,1,1,0,0,1,1,0,0,1,1,0,1,1,1,0,1,0,0,1,1,0,0,0,1,1,0,1,0,1,1,1,0,1,1,1,0,1,0,1,0,1,1,0,0,1,0,1,0,1,1,1,1,0,1,0,1,1,0,0,1,1,0,0,1,1,0,0,1,1,0,0,1,0,0,0,0,1,1,1,0
126,1,0,0,0,1,1,1,0,0,0,1,0,1,0,1,1,0,1,1,0,0,0,0,1,1,1,1,1,1,1,0,0,1,0,0,0,1,1,1,1,1,1,1,0,1,0,0,0,1,0,1,0,0,1,0,0,1,1,0,0,1,1,1,1,1,0,0,1,1,1,1,0,1,1,0,0,0,1,1,1,1,0,1,0,0,0,0,1
127,1,0,1,0,1,1,1,1,1,0,1,1,0,1,1,1,1,0,1,1,0,1,0,0,0,0,1,0,1,0,1,1,1,0,0,0,0,1,0,1,1,0,1,0,1,1,1,1,1,0,1,0,1,0,1,0,0,1,0,1,1,0,1,1,0,0,1,1,1,0,1,0,1,1,1,0,0,1,1,0,1,0,1,1,1,1,0,1
128,1,1,0,0,0,0,0,1,1,0,0,0,1,0,1,0,1,1,0,0,0,0,1,1,1,1,0,0,0,1,0,0,1,0,1,1,1,1,0,0,1,0,0,1,0,0,1,0,0,1,0,1,1,0,0,0,0,0,0,1,1,0,0,0,1,1,1,0,1,1,0,0,0,1,0,1,0,0,0,0,1,1,0,1,0,0,0,0
129,1,0,1,0,0,1,0,0,1,1,1,0,1,0,1,1,0,1,1,1,1,1,0,1,0,0,0,1,1,0,0,0,0,1,1,1,1,0,1,1,0,0,0,1,0,0,1,0,0,0,0,1,0,0,0,1,0,1,1,0,1,0,1,1,1,1,0,0,0,0,1,0,0,0,1,0,0,0,1,1,0,1,1,1,1,1,1,1
130,1,0,1,0,0,1,1,0,1,0,1,0,0,1,0,1,1,0,1,1,1,1,1,0,1,0,1,1,0,0,0,0,1,1,1,1,0,0,1,1,0,1,0,1,1,0,1,1,0,1,0,0,1,1,1,1,1,0,1,0,1,0,1,0,0,0,0,0,1,0,1,1,0,1,0,0,0,0,0,1,1,0,1,1,1,1,0,0
131,0,1,1,1,0,1,0,0,1,0,0,1,1,0,0,1,1,0,0,1,1,1,0,0,1,1,0,1,0,1,1,1,0,1,1,0,1,0,1,1,0,1,1,1,0,1,0,0,1,0,0,1,1,1,1,1,1,0,0,1,0,0,0,1,1,1,1,0,1,0,0,1,1,0,0,0,0,1,0,1,0,1,1,0,1,1,0,0
132,0,0,0,0,1,1,1,1,0,0,1,0,1,1,1,1,0,0,1,1,0,0,1,0,0,0,0,1,1,1,0,0,1,0,1,1,1,1,1,1,0,1,0,1,1,0,0,1,0,0,0,0,1,0,0,1,1,0,0,1,0,0,1,1,0,1,0,0,1,0,1,0,0,0,1,1,0,1,1,0,0,0,1,0,0,0,0,0
133,0,1,1,1,1,0,0,0,0,0,0,0,1,1,0,0,0,0,1,0,1,0,0,1,0,0,1,0,0,1,1,0,0,0,0,1,1,1,1,0,0,1,0,1,0,1,1,0,0,0,1,1,0,1,0,0,0,0,0,1,0,0,1,1,1,1,0,1,0,0,1,1,1,0,1,0,1,1,1,1,0,0,0,1,0,0,1,0
134,0,1,1,1,1,0,0,1,0,0,0,0,0,1,1,1,0,1,0,1,0,0,0,0,1,1,1,1,1,0,1,1,0,0,1,0,1,0,1,0,1,0,0,1,0,1,0,0,0,0,0,0,0,1,0,0,1,0,0,0,0,0,1,1,1,1,1,1,1,0,0,1,0,1,0,1,1,0,1,0,1,1,1,1,0,0,0,1
135,1,1,0,1,1,0,0,1,0,0,1,0,1,1,1,1,0,1,0,1,1,0,0,0,0,0,1,1,0,0,0,1,1,0,1,1,0,1,1,1,1,0,0,0,1,0,1,1,0,0,1,1,1,1,0,0,0,1,1,1,1,0,0,1,0,1,0,1,1,1,0,0,0,1,1,0,0,1,1,1,1,0,1,0,0,0,1,0
136,1,0,0,0,0,0,0,1,0,0,0,0,1,0,1,0,1,0,1,1,0,1,1,0,1,0,0,0,1,1,1,0,1,0,1,1,0,1,0,1,0,0,1,0,1,0,0,0,1,1,1,1,1,0,1,1,1,1,0,1,1,1,0,1,0,0,1,0,1,0,1,0,0,0,0,1,0,1,1,0,0,0,0,1,0,0,0,0
137,1,0,0,0,0,0,1,1,1,1,1,0,0,0,1,0,1,0,1,0,0,1,0,1,0,0,0,1,0,1,0,0,1,1,1,1,1,1,0,0,1,0,1,1,0,1,0,1,1,0,1,0,0,0,0,1,1,0,0,1,0,1,1,0,1,0,1,0,1,1,1,1,1,1,1,0,0,1,0,0,1,0,1,1,1,0,0,0
138,0,1,1,0,1,0,1,1,0,0,1,1,1,0,0,1,1,0,1,1,0,0,1,1,1,0,0,1,0,1,0,0,0,1,0,0,0,0,0,0,1,0,0,1,0,1,1,1,1,0,0,1,1,0,1,0,0,0,1,1,0,1,0,0,1,0,1,0,0,1,1,0,1,1,0,0,0,1,0,0,1,0,1,0,1,0,1,1
139,0,0,1,1,1,1,1,0,1,1,1,1,0,1,1,0,0,1,1,0,0,1,1,0,0,0,0,1,1,1,0,1,1,0,1,0,1,0,1,1,1,1,1,1,0,1,0,0,0,1,0,0,0,0,0,0,0,1,0,0,1,0,1,0,1,1,1,1,0,1,0,1,0,1,1,0,0,1,0,0,1,1,1,1,1,0,0,0
140,0,0,0,0,0,0,1,0,0,0,1,1,1,0,0,1,0,1,1,0,1,0,1,0,1,0,0,1,1,1,0,1,1,1,1,1,0,0,1,1,0,0,0,1,1,0,1,0,0,1,1,0,1,1,1,0,1,0,1,0,1,0,0,0,1,0,0,1,0,1,0,0,0,1,1,0,0,1,0,1,1,0,0,1,0,0,0,1
141,0,0,1,0,1,1,1,1,0,1,0,1,0,1,0,1,0,0,1,0,0,1,1,0,0,1,0,0,0,1,0,0,1,0,0,1,1,1,0,0,1,0,0,1,0,1,1,1,1,0,0,0,1,0,1,1,1,0,1,0,1,0,1,1,0,0,1,1,1,0,0,1,1,1,0,1,1,0,1,1,0,0,1,1,1,1,1,0
142,1,1,0,1,0,0,0,1,0,1,1,0,1,0,1,1,0,0,0,1,1,1,0,0,1,0,0,0,0,1,0,0,1,1,1,0,1,1,1,1,0,1,0,0,0,1,1,1,1,1,0,0,0,1,1,1,0,0,1,1,1,1,0,0,0,1,1,1,1,0,0,1,1,0,1,1,0,1,1,1,0,0,0,1,1,1,0,0
143,0,0,0,0,0,0,0,0,0,0,0,1,1,1,1,0,1,1,0,1,0,1,1,0,0,0,1,1,0,1,1,0,0,0,0,0,0,0,1,0,0,0,1,0,0,1,1,1,0,1,1,1,0,0,0,1,0,1,0,0,0,1,0,1,0,0,0,0,1,1,1,1,0,0,1,1,0,0,0,0,1,0,1,1,1,0,0,0
144,1,1,0,0,0,1,1,1,0,0,0,0,0,1,1,0,0,0,1,0,0,1,0,0,1,1,1,1,0,0,1,0,0,1,1,0,0,0,1,0,1,0,1,1,1,1,1,1,1,1,0,1,0,1,0,1,0,0,1,0,1,0,0,0,0,1,1,0,1,1,0,0,1,1,0,0,1,0,1,1,0,1,1,0,1,0,1,1
145,1,1,1,1,1,0,0,0,1,1,1,0,1,0,0,0,1,1,0,0,0,0,0,0,0,0,0,1,0,0,0,0,1,1,0,0,0,0,1,0,0,0,0,1,1,1,1,1,1,0,1,0,0,1,0,0,1,1,0,1,0,1,1,1,0,0,1,0,0,1,0,1,1,1,1,0,0,1,1,1,1,1,1,1,0,0,0,0
146,0,1,0,0,1,1,0,1,1,1,0,0,1,1,0,0,1,0,1,1,0,1,1,0,1,1,1,1,0,0,1,0,0,0,1,1,0,0,1,1,0,0,1,0,0,1,0,1,0,0,1,0,0,1,0,1,0,1,1,0,1,0,1,1,1,1,1,0,0,0,1,1,1,1,0,0,1,1,1,1,0,0,0,0,1,1,1,1
147,0,1,1,1,1,1,1,0,0,0,1,0,0,1,0,0,1,1,0,0,0,1,1,1,0,0,0,1,1,0,1,0,0,0,0,0,0,1,0,0,1,0,1,0,0,1,1,0,0,0,1,1,1,0,0,0,1,1,0,1,1,1,0,1,1,1,1,0,0,1,0,0,1,0,0,0,0,1,1,0,0,0,0,0,1,1,1,1
148,0,1,1,0,0,1,0,1,0,1,0,0,0,1,1,0,1,1,1,1,0,0,1,1,1,1,1,0,1,1,0,1,1,0,0,0,0,1,0,1,1,0,0,0,1,1,1,1,0,1,1,1,1,0,0,1,0,1,1,0,1,0,0,1,0,0,1,1,0,0,1,1,0,1,1,1,0,0,1,1,1,0,0,1,0,0,1,1
149,1,0,1,1,0,0,0,0,1,0,0,0,1,1,1,1,1,1,0,1,1,1,1,1,1,1,0,0,0,1,0,0,1,0,1,0,0,1,1,0,0,0,0,1,1,0,1,0,0,1,0,1,1,1,0,0,0,1,1,0,1,1,0,0,1,1,1,1,0,1,0,0,0,1,1,0,0,1,1,1,1,0,1,0,1,0,0,0
150,0,0,0,0,1,1,0,0,1,1,1,0,0,0,0,0,0,0,1,1,1,0,1,1,1,0,1,0,0,1,0,1,1,0,0,0,0,1,1,1,1,0,1,1,1,0,1,0,1,1,0,1,0,0,1,0,0,1,1,1,1,1,1,0,1,0,0,1,0,1,1,1,1,1,1,0,1,1,0,1,1,0,1,1,0,0,0,0
151,0,1,1,1,1,0,0,0,1,0,0,0,1,1,1,1,1,1,1,0,0,0,0,1,1,0,0,1,0,0,1,1,1,1,1,1,0,0,0,0,1,0,1,1,0,1,1,0,1,0,0,1,1,0,0,0,0,1,1,0,1,0,0,1,1,1,1,1,1,0,1,1,1,1,0,1,0,0,1,1,1,0,0,0,0,0,1,1
152,0,1,0,0,1,0,0,1,1,1,1,1,0,0,0,1,0,1,0,0,0,1,1,1,0,1,1,1,0,0,0,0,0,0,0,0,0,0,0,1,0,0,1,0,0,0,0,0,0,1,1,1,0,1,0,0,0,0,1,1,1,1,0,0,1,0,1,0,1,0,1,0,0,0,1,0,0,1,1,1,0,1,0,0,0,1,1,0
153,1,1,1,1,1,0,0,0,0,0,1,1,1,1,0,0,0,1,1,0,0,1,0,1,1,0,0,0,1,0,0,1,0,1,1,0,0,0,0,1,0,0,0,0,1,1,0,0,0,0,0,1,1,0,1,1,0,0,1,0,1,0,1,0,0,1,1,1,0,1,1,0,1,1,1,1,1,0,0,1,1,1,1,0,0,0,1,0
154,1,0,0,1,1,0,1,1,1,0,1,0,0,0,0,1,1,1,0,1,0,0,1,1,1,1,1,0,0,0,1,1,1,0,1,0,1,1,1,1,1,0,0,0,1,0,0,0,1,1,0,1,0,1,0,0,0,1,0,0,0,0,1,1,0,1,1,1,0,0,0,1,0,0,0,0,0,1,1,0,1,1,0,1,0,1,0,0
155,0,0,1,1,0,0,0,0,1,1,0,0,1,1,0,1,1,0,0,0,0,0,1,0,0,0,1,1,1,0,0,1,0,1,0,1,0,0,0,1,0,0,1,1,0,1,1,0,0,0,1,1,1,0,1,1,0,0,1,0,1,0,0,0,1,0,0,0,1,1,1,1,1,0,1,0,1,0,1,0,0,0,1,0,1,1,0,1
156,1,0,0,0,0,1,1,0,1,0,0,1,0,1,1,0,0,1,1,0,1,1,1,0,0,1,1,0,0,0,0,0,1,1,1,0,0,1,0,1,0,1,0,1,0,0,1,1,1,0,0,0,0,1,0,0,1,0,1,1,0,0,0,0,0,1,0,0,0,0,1,1,1,1,0,1,0,1,1,1,1,0,1,0,0,1,1,1
157,0,1,0,0,1,0,0,0,0,0,1,1,0,1,1,1,0,1,0,0,1,0,1,1,1,0,0,0,1,0,1,1,0,1,1,1,1,1,1,0,0,0,1,0,0,0,1,1,1,0,0,0,0,0,0,1,0,0,1,0,1,1,0,1,1,1,1,1,0,0,1,0,1,0,1,0,1,0,1,0,0,1,1,1,0,0,1,0
158,0,1,1,0,1,1,0,0,1,1,0,1,1,1,1,0,1,1,0,1,0,0,1,1,1,0,0,1,0,0,0,0,0,0,1,0,1,1,0,1,1,1,0,0,1,0,0,1,1,1,1,1,1,1,1,1,1,0,0,0,1,0,1,0,1,0,1,1,1,1,1,0,0,0,0,0,1,1,0,1,0,1,0,0,0,1,1,0
159,0,0,1,0,1,0,1,1,0,0,0,1,1,1,1,0,0,1,0,0,0,1,1,1,0,1,0,0,1,1,0,0,0,0,0,0,0,1,0,0,1,0,0,0,1,0,0,0,1,0,0,0,1,1,0,0,1,1,0,1,1,1,1,0,0,1,0,1,1,1,0,0,0,1,1,0,1,0,0,0,1,0,0,0,1,0,0,0
160,1,0,0,0,1,1,1,0,1,0,0,1,1,0,0,0,1,0,0,0,0,0,0,1,1,1,1,0,0,0,0,0,0,1,0,1,1,1,1,1,0,0,0,1,1,1,0,1,0,1,0,0,0,0,0,1,1,1,0,0,0,0,0,1,1,1,0,1,0,0,1,0,0,1,1,1,0,1,0,0,0,0,1,1,0,1,1,1
161,1,0,0,1,0,0,1,0,0,0,1,1,0,1,1,0,1,1,1,1,1,0,0,0,1,1,1,1,1,1,1,0,0,1,0,1,1,1,1,0,1,1,0,1,1,0,1,0,1,1,1,1,1,0,0,1,1,0,1,0,0,0,1,0,0,0,1,1,1,1,1,0,1,1,0,0,1,1,0,0,1,0,1,0,1,1,1,1
162,1,1,0,1,1,1,0,1,1,0,1,0,0,1,1,0,1,0,0,0,0,1,0,0,0,1,0,1,1,1,0,1,1,1,1,1,1,1,0,0,1,0,0,1,1,1,0,0,1,1,1,1,0,1,1,1,0,0,0,0,1,0,1,0,1,0,1,1,1,0,0,1,0,0,1,0,1,1,1,0,0,0,0,0,0,1,0,0
163,1,1,0,0,1,0,1,1,0,0,0,1,1,0,1,1,1,0,1,1,0,0,0,0,0,0,0,1,1,0,1,1,1,0,0,0,0,1,1,1,1,0,1,1,0,1,0,1,1,1,1,1,0,0,1,0,1,1,0,1,0,0,1,1,1,0,1,1,0,0,1,0,0,0,0,0,1,0,1,1,1,1,0,1,1,0,0,0
164,1,1,0,0,0,1,0,1,0,0,1,1,0,1,1,0,0,1,0,1,0,1,0,1,1,1,1,0,1,0,1,0,0,1,1,0,1,0,0,0,1,1,1,1,1,1,0,0,1,1,1,0,0,0,0,0,1,0,1,1,0,1,1,1,0,1,1,0,1,0,0,1,1,0,0,1,1,1,1,0,1,1,1,1,0,0,0,1
165,1,0,0,0,1,1,1,1,0,1,1,0,0,0,1,0,1,0,1,0,1,1,0,0,0,1,1,1,1,1,1,0,1,1,0,0,1,1,1,1,0,1,0,1,1,1,0,0,1,1,1,0,1,1,0,1,0,1,0,0,1,1,1,0,0,0,0,1,1,0,0,1,1,1,1,1,0,0,0,0,1,0,1,0,0,1,1,0
166,1,1,1,0,0,1,0,0,1,1,0,0,1,0,1,0,1,0,0,1,1,0,0,0,1,1,0,0,0,0,0,0,1,1,1,0,0,0,0,0,0,1,0,1,1,1,1,0,0,0,1,1,0,1,1,1,0,1,0,0,0,1,1,1,0,0,0,0,0,0,1,0,0,1,1,0,0,1,0,1,1,1,0,0,1,1,0,1
167,1,0,0,0,0,0,1,0,0,1,1,0,0,1,1,0,1,1,0,1,1,0,0,0,0,1,0,1,0,1,0,1,0,0,0,1,0,0,0,1,1,0,1,1,1,0,0,1,0,0,0,1,0,0,1,1,0,1,0,0,1,1,1,0,0,1,1,0,0,1,1,1,1,0,0,1,0,0,1,1,0,1,1,0,0,1,0,0
168,1,1,1,0,0,1,1,1,0,0,1,1,1,0,0,1,0,0,0,1,1,0,0,0,1,0,1,0,0,1,0,1,1,0,1,0,0,0,1,0,1,0,0,0,1,0,0,1,0,1,0,1,0,1,0,1,0,0,1,0,1,0,0,0,1,0,0,1,1,1,1,0,0,1,1,0,1,0,1,1,1,0,0,1,1,1,0,1
169,0,1,1,1,0,1,0,1,0,0,0,0,0,1,0,0,1,1,1,1,1,1,1,0,0,0,0,1,0,0,1,1,1,1,1,0,0,1,1,1,1,0,1,0,0,0,0,0,0,1,0,0,0,1,1,0,1,0,0,1,0,1,0,1,1,1,1,1,0,0,1,1,1,0,0,0,1,0,1,1,1,1,1,0,0,0,0,0
170,0,0,0,0,0,1,0,1,1,0,1,0,1,1,1,0,1,0,0,1,0,1,0,1,0,1,1,1,0,1,0,1,1,1,0,1,0,1,0,0,0,1,1,0,0,0,1,0,0,0,0,0,1,0,1,1,0,0,1,0,1,1,0,0,0,1,1,0,0,1,0,1,1,1,0,0,1,0,0,1,1,0,1,0,1,1,0,1
171,0,0,0,0,0,1,1,0,0,0,1,0,1,1,1,0,1,0,1,1,1,1,0,1,1,0,1,1,0,1,0,1,0,1,1,1,0,1,1,1,1,0,1,1,1,1,0,1,0,1,0,0,0,0,0,0,1,1,0,0,0,0,1,0,1,0,0,1,1,0,1,1,0,0,1,0,0,1,0,0,0,1,0,1,0,0,0,1
172,0,1,0,1,1,0,1,0,1,1,0,1,0,0,1,1,1,1,0,1,0,0,1,0,0,1,1,0,1,1,0,1,1,1,0,1,0,0,1,0,1,0,1,1,1,0,0,1,1,0,1,0,1,0,0,1,1,1,1,0,0,0,1,0,0,1,0,0,0,1,0,1,1,1,0,1,1,0,0,1,1,1,0,1,1,0,0,0
173,1,1,0,0,1,1,1,1,0,1,1,1,1,0,0,0,1,1,1,0,1,1,0,1,1,1,1,0,1,0,0,0,1,0,0,1,1,1,0,1,1,0,1,1,1,0,1,0,1,1,1,0,0,0,1,1,0,0,1,0,0,0,1,1,0,0,0,0,1,0,0,0,0,1,1,1,1,1,1,0,0,0,0,0,0,0,1,0
174,1,0,0,0,1,0,1,1,0,0,1,0,0,0,1,1,1,1,1,1,0,0,1,0,0,0,1,0,0,1,1,0,0,1,0,0,1,0,1,0,1,0,1,1,0,0,0,0,0,0,0,1,0,0,1,1,0,1,0,1,1,0,1,1,1,1,1,0,0,0,0,0,1,1,0,1,0,1,0,1,0,1,1,1,1,1,0,0
175,1,0,1,1,0,1,1,0,0,1,0,1,0,1,0,1,1,0,1,1,1,0,0,0,0,0,1,0,1,1,1,0,1,0,0,0,1,0,1,1,0,1,1,0,1,1,1,0,1,1,0,1,1,1,1,0,0,1,0,1,1,1,1,1,1,1,0,0,0,1,0,1,1,1,1,0,0,0,0,1,1,1,1,1,0,0,0,0
176,1,1,1,1,1,1,1,0,1,0,0,0,0,0,0,1,0,1,1,0,0,1,0,0,0,1,1,1,0,0,1,0,1,1,0,0,1,1,0,1,1,1,0,1,1,0,1,0,1,0,1,0,1,1,0,1,0,0,0,0,0,1,0,1,0,0,0,1,0,1,1,0,1,1,0,0,1,1,0,0,1,1,0,0,1,0,0,1
177,0,0,0,1,0,0,1,0,1,0,0,1,0,0,1,0,1,0,0,1,1,0,0,1,1,1,1,0,1,1,0,0,1,1,0,1,1,1,1,1,1,1,0,0,1,1,1,0,1,1,1,1,1,0,1,1,0,1,1,0,1,1,0,1,1,1,0,0,0,1,0,0,0,1,1,1,1,0,0,0,0,1,1,1,1,1,1,0
178,0,1,0,1,1,0,0,0,1,1,0,1,0,0,0,1,0,1,0,1,1,1,0,0,0,1,0,1,1,1,0,1,1,0,0,0,1,1,1,1,0,0,0,1,0,0,0,1,1,1,1,0,0,1,0,1,1,0,0,1,0,0,1,1,0,1,0,0,0,0,0,1,0,0,1,1,0,1,0,1,0,1,0,1,1,0,0,0
179,0,0,0,0,1,1,0,1,0,1,0,1,0,1,1,0,1,0,1,1,1,1,0,1,0,1,0,0,1,1,1,0,0,0,1,0,0,0,0,1,0,0,0,0,0,0,0,1,1,1,0,0,0,1,1,0,1,0,1,0,0,0,0,0,1,0,0,0,1,1,0,0,0,1,1,1,0,1,1,1,0,1,1,0,0,0,1,0
180,1,1,1,1,0,1,0,1,1,0,0,0,0,0,0,1,1,1,0,1,1,0,1,1,0,0,1,1,1,0,0,0,1,0,0,0,0,1,1,0,1,1,0,0,1,1,1,0,0,1,1,0,1,0,1,0,1,0,1,0,0,0,1,1,1,1,0,1,0,0,0,0,1,0,1,0,1,0,0,0,0,1,1,0,1,0,1,0
181,1,1,1,1,0,1,1,0,1,1,1,1,1,1,0,0,1,0,1,1,0,0,1,0,1,1,0,1,0,1,1,0,1,1,0,1,0,1,0,1,0,1,1,0,1,0,1,0,1,1,1,0,0,0,1,0,0,0,1,0,1,1,1,0,1,1,1,0,1,1,0,0,1,0,0,1,0,0,1,0,0,0,1,0,1,1,1,0
182,0,1,0,0,1,0,1,1,1,1,1,1,1,1,0,1,1,1,1,1,1,1,1,1,1,1,1,1,1,0,0,0,1,0,0,0,1,1,1,1,0,0,1,1,1,0,1,0,0,0,0,0,0,1,1,0,0,1,0,1,0,1,1,1,1,0,1,0,0,0,1,0,0,0,0,0,0,0,1,0,1,0,0,0,0,1,1,0
183,1,0,0,0,0,0,1,1,1,0,1,1,0,1,1,1,0,0,0,0,0,1,1,1,0,1,0,1,1,0,1,1,0,1,0,0,0,1,1,0,1,1,0,0,0,0,1,0,0,0,0,0,1,0,1,1,1,0,0,0,0,0,1,0,0,1,1,1,1,0,1,0,0,0,0,0,0,0,1,1,1,1,1,0,1,0,1,0
184,0,1,1,1,0,1,1,0,1,1,0,1,0,0,0,0,0,1,1,1,1,0,0,1,1,1,0,0,0,0,1,0,1,1,0,1,0,1,1,0,1,1,0,1,1,1,0,0,1,0,0,1,0,1,1,0,1,0,0,1,1,1,0,1,1,1,1,0,1,0,0,0,0,0,1,1,0,1,0,0,0,1,0,1,1,0,1,0
185,0,1,1,0,1,0,0,0,1,0,0,0,0,0,1,1,0,0,0,0,1,0,0,1,1,0,0,1,1,1,0,1,0,1,0,1,0,1,0,0,1,1,1,0,1,1,1,1,1,0,0,1,1,0,0,0,1,1,0,0,1,1,0,0,1,1,0,1,0,1,1,0,0,0,0,1,0,1,0,0,1,1,1,1,1,1,0,1
186,0,1,1,1,1,1,0,1,1,0,1,0,0,0,1,0,0,1,1,0,1,1,1,1,0,1,1,0,1,1,0,1,1,1,0,0,1,0,1,0,0,1,1,0,0,1,1,1,1,1,0,0,1,0,1,1,0,1,0,1,1,0,1,1,1,0,1,0,0,1,0,1,0,1,0,1,0,0,1,1,0,1,1,1,0,0,1,1
187,1,1,1,1,1,0,0,1,1,1,0,0,0,0,1,1,1,1,0,0,0,0,0,0,0,1,0,1,1,1,1,1,0,0,0,1,0,0,1,1,0,1,1,0,1,0,1,0,0,1,1,0,0,1,0,1,1,1,1,1,1,1,0,1,0,0,0,1,1,0,0,0,1,1,1,0,1,0,0,0,1,1,0,1,0,1,1,0
188,0,0,1,1,0,0,1,1,0,0,0,1,0,0,0,0,0,0,1,1,1,0,1,1,0,1,1,1,0,0,0,0,1,0,0,1,1,0,1,1,1,0,0,1,0,1,0,0,0,1,1,0,0,0,1,1,0,1,1,1,1,1,0,1,0,0,1,1,0,0,0,0,0,0,1,1,1,1,1,0,0,1,1,0,1,0,0,0
189,0,1,1,0,0,0,1,0,1,1,0,1,0,0,0,1,1,0,1,1,0,1,0,0,0,1,0,0,1,0,0,1,0,1,0,1,0,1,1,1,1,0,0,0,0,0,1,1,0,0,1,1,0,0,1,0,1,1,1,1,0,1,0,1,1,1,0,0,0,0,0,0,1,1,0,1,0,1,1,0,1,0,1,1,0,1,0,0
190,1,1,0,0,1,0,1,1,1,0,0,1,1,0,1,1,1,0,1,0,0,0,1,1,1,0,0,0,1,1,0,1,0,1,0,1,1,1,1,1,0,0,1,0,0,1,0,0,1,0,0,1,1,0,1,1,1,0,1,1,1,1,0,1,1,0,0,1,0,0,0,0,0,0,0,1,1,0,0,0,0,1,0,0,1,1,0,1
191,1,1,1,0,0,1,1,0,1,1,1,0,0,0,0,1,1,1,0,0,1,0,0,1,1,0,1,1,0,0,0,1,1,0,0,0,1,1,1,1,1,0,0,1,0,0,0,1,1,1,0,0,1,0,0,0,1,1,1,1,1,0,0,1,0,1,0,1,1,0,1,0,1,1,0,0,0,0,0,1,1,1,1,0,0,0,0,0
192,1,1,0,1,1,0,1,1,1,1,1,0,1,1,1,0,0,1,1,1,0,1,1,0,0,0,1,1,1,0,1,1,1,1,0,1,1,0,1,1,1,0,0,0,0,1,0,1,1,0,1,0,1,0,1,1,0,1,1,0,1,1,1,1,0,0,1,1,0,1,0,0,0,1,1,0,1,0,0,0,0,0,1,1,1,1,1,0
193,1,1,1,1,1,1,0,0,1,1,0,1,0,1,1,1,1,0,1,0,1,1,0,1,1,0,0,0,1,0,0,1,0,1,1,1,0,0,0,0,1,0,1,1,0,1,1,1,0,1,1,1,1,1,1,0,0,0,0,1,1,1,0,0,1,1,0,1,0,0,1,1,1,0,1,0,0,1,0,0,1,0,1,1,1,1,1,1
194,0,0,0,1,0,0,0,0,1,1,1,1,0,1,0,0,1,0,1,0,1,0,0,0,0,0,1,1,1,0,1,1,0,1,0,0,0,1,1,1,0,1,1,1,0,0,1,0,1,1,0,0,0,1,0,1,0,0,1,0,0,1,1,0,0,0,0,0,0,0,0,1,1,0,0,0,1,1,0,0,0,0,1,0,0,1,1,0
195,1,1,1,0,0,0,1,1,1,0,0,0,0,1,0,1,0,1,1,1,0,1,1,1,1,1,1,1,1,0,0,1,1,0,0,1,0,1,1,1,0,1,0,0,0,1,1,0,0,0,0,1,0,0,0,1,1,0,1,1,1,0,1,1,1,0,1,1,1,0,1,0,1,0,0,0,1,0,0,1,1,1,1,0,1,1,1,0
196,1,1,1,1,0,1,0,0,0,1,1,0,0,0,0,0,0,0,1,0,0,0,0,1,0,1,1,1,0,0,1,0,1,0,1,0,0,1,1,1,0,1,0,1,0,1,0,0,0,0,0,0,0,0,0,1,1,0,1,1,0,0,0,1,0,0,1,1,1,1,1,0,1,0,0,1,0,1,0,1,1,1,1,1,1,1,0,1
197,0,1,1,0,0,0,1,1,1,1,1,0,0,1,0,1,0,0,1,0,0,1,1,1,0,0,0,1,1,1,1,1,1,0,1,1,1,1,0,1,1,0,0,1,0,0,1,1,1,0,1,1,0,0,0,0,1,1,0,1,0,1,1,0,0,1,1,0,0,1,0,1,0,1,0,0,0,0,0,0,0,1,0,0,0,0,1,1
198,0,0,0,0,0,1,1,1,0,0,0,0,1,1,1,0,0,1,1,1,1,1,0,0,1,1,1,0,0,1,1,1,1,0,1,1,0,0,0,1,1,1,0,0,0,0,0,1,1,0,1,1,0,1,0,1,0,0,1,1,0,0,1,1,0,0,1,0,1,0,0,0,0,0,0,1,1,1,0,1,0,0,1,1,0,1,1,1
199,0,0,1,0,0,0,0,0,0,0,0,1,1,0,1,1,1,1,0,1,0,0,0,1,1,0,1,1,0,1,1,1,0,0,1,1,0,1,1,0,1,1,0,1,1,1,0,1,1,0,0,0,0,0,1,0,1,1,0,1,0,1,1,1,0,1,1,1,0,0,1,0,0,0,1,0,0,0,0,0,0,1,0,1,1,0,0,1
